Nickname           ,Username          ,Password                            ,URL
ow                 ,g3n2l@fakemail.com,^@iD8fVF6L}AJMkVWZdKQPaYQy}QG@KUbWZ},ow.ly
amazon             ,tube1@fakemail.com,YFjB2kN$WzuW%4y+4YWtmn69^EgC%wM4qlyB,amazon.com
pinterest          ,827d7@fakemail.com,pg_9aIa^Bo)ipMnUPTnlYb0e[cgV]*tG+80q,pinterest.com
apache             ,xrv07@fakemail.com,uVd^O(f*m%!j5_?&+m+>qPIV6CQ+Sx898l8h,apache.org
networkadvertising ,te2y5@fakemail.com,?My<@_pod(qh<h>ucsyzt5xUHUdVzlHr!>d8,networkadvertising.org
wordpress          ,53pcn@fakemail.com,9FcuGbF6}rcHu{MSLvw]Yb_AcEf&RX1fj9Oy,wordpress.com
bbb                ,nqw07@fakemail.com,PYG5#$q>Q*YeL9eJ<VfN%1ExyiY$t+6xHjkQ,bbb.org
washington         ,643dh@fakemail.com,!bPm7{)&]}2k&y)Q*S[VWnu(TfwH(EWCF{TE,washington.edu
google             ,7or01@fakemail.com,<{5u1kQIGeB&u>QL_5a>khwEtkp^CAc$)Bu0,google.co.jp
photobucket        ,8j8dy@fakemail.com,M8B[2>8%Ei7I<(*x16Jj<J_I0_GZq_#W_Ae4,photobucket.com
teamviewer         ,vcw5g@fakemail.com,D*s)4{OsAVSSI]Go8I)c_)WQe]G]wCBa2zg8,teamviewer.com
domainname         ,eqspz@fakemail.com,x>EalnsNRHO7f%#0r<FkfWH$]ywov@>ZRYXp,domainname.de
wix                ,ln439@fakemail.com,pN@kj!)tKHXpW>v]qI%kVndmCci%a3v{m]jx,wix.com
hibu               ,nbm6j@fakemail.com,(tYli?oLlE{O1[ec6[FUR{!u+TnXJwl>}hp6,hibu.com
cloudfront         ,cazz8@fakemail.com,i9QueV5WV@(pCyOvdvdH}Kn*tie+{2<!7kqp,cloudfront.net
ameblo             ,a2ceq@fakemail.com,Zj?CQKK+Ba[IouhEjXT8rLEait1<OZr<xGm5,ameblo.jp
ning               ,qze9o@fakemail.com,8W%_7kV7ik_rlbU%{Dj(h3^!}t4Y%ASWM^X[,ning.com
wired              ,wyk2j@fakemail.com,dDccUP1HYu1s$Th$%PnxQ<8}wHh*Jy5T6qB},wired.com
usatoday           ,4jtm6@fakemail.com,eABX7St[Pb#Lwti!CYI_Jl(j1q2MX3^hkFnF,usatoday.com
indiegogo          ,c2tm8@fakemail.com,>UL}v6FsYTRoaJ_tS>^g+>J@!9LDMa0kpw8),indiegogo.com
theatlantic        ,1kqm3@fakemail.com,bL$jcq70a5U>xYWAT<}K{!b41_Xn@SKh8US_,theatlantic.com
hhs                ,wwxgn@fakemail.com,[{auc&x7+ges7HURTFMo)_?(sCKD+UpjnIL!,hhs.gov
mirror             ,lz3m7@fakemail.com,[>wXPav$8k?KYbUFzLIz?#)f5qEwFwGFrUAw,mirror.co.uk
nyu                ,8iqhx@fakemail.com,mkCwh5J[*YN!SC8FGQY{{Wao1E?7hf8#+TAP,nyu.edu
homestead          ,lu95h@fakemail.com,#>%k5Kt)TGa#}l#*I?6TEz]Vzv_yyia)wTT$,homestead.com
techcrunch         ,i4k9v@fakemail.com,t2Nl<%$&G%f6s4a*wl*jjLDwR]kE$H(0risz,techcrunch.com
indiatimes         ,ybzyu@fakemail.com,76L!jZCzNRA^}9Mk!%6aYwG!^!5shXZ?eL#7,indiatimes.com
drupal             ,787tb@fakemail.com,IyiM)0Rqbx]RrW8]]&YX*kYZj9m0fsXzL4gm,drupal.org
wiley              ,at0ta@fakemail.com,BFkUxL!quX&$12sVOJUg?Ydw*[Gj7csj^i1<,wiley.com
goo                ,eey9v@fakemail.com,8iII}tqs>j?M1@uBc3fczxmi*(UV#YRLuSC&,goo.gl
cpanel             ,l5exl@fakemail.com,3S<{!VwpBM$OQX9[%b2H}osDTbR)0sc]qI{E,cpanel.net
ocn                ,hirnb@fakemail.com,c%p$TbX<qUdT&uKiUBqPX&qlQ8WNxJCfGSFR,ocn.ne.jp
networksolutions   ,8zi8s@fakemail.com,&CNA{Scb5(<eY?wViNVbPO6%7DR33le&Z$QW,networksolutions.com
axs                ,78j9t@fakemail.com,RZfvB1{M3YJ49_K[GVt&lHx[esiqw&CPDw]H,axs.com
gnu                ,06fg6@fakemail.com,#jhPvwqO>7d^eYcLzg5e+G*LPT&P4UNvfueR,gnu.org
google             ,94pdk@fakemail.com,Y@hsE4x0kcV)Zg)BYIygJVEo[$X)QB8ZdxO@,google.ca
domainmarket       ,uehco@fakemail.com,m(4)(mBiezXfekXO)#Fbd$8f7RR2zQ5#Ts3x,domainmarket.com
va                 ,tfapy@fakemail.com,!Jzw@P6dvZ&w&0H?qCkgf#qc)tNU3UD0dqP$,va.gov
abc                ,m74zk@fakemail.com,E)S4T!S#6YAuNv^kJR*wn<7sq8MCR$3c>pAr,abc.net.au
foursquare         ,xs5e0@fakemail.com,Nox4s}rfDGO^Go]j+5HQdyBv&6cInho<9S&[,foursquare.com
axs                ,2q2jg@fakemail.com,p{GzYMln<]i$]$BhwM^F#Kd0GxIg>&E((1Ur,axs.com
etsy               ,gdc1f@fakemail.com,&mZr+C]xWV^aE4w1%]pLp@5UNbPUxP+RYu$#,etsy.com
un                 ,85yrk@fakemail.com,ASp#LwLp&A_4CFY&*}cQMq8kBVT%UMHQ+CKj,un.org
1und1              ,rjvmf@fakemail.com,ZU}U9bOG@[n(aCWUA>!nMJ8Jt+T8B$rZ@JYv,1und1.de
vice               ,i92hc@fakemail.com,T(VV71_mjD7bgUZ*inRblw{Xr@?<kMhqP[SL,vice.com
about              ,doh4t@fakemail.com,o)N$BBDIvzsGXQI{od]c550YZKOFz6aP2sD9,about.com
mysql              ,l9uid@fakemail.com,Kx6nt*&Cu+D396@0CspkB9DGnONTHr{m0$U],mysql.com
state              ,40img@fakemail.com,ZEQnamBQaWHvDVo&t?n9{#gU<_>RdaQM<ec&,state.gov
elpais             ,gc9lc@fakemail.com,U$XqMq{}gpuciWkXG)7JN+6nZic@mtJcytjf,elpais.com
wikipedia          ,90ke9@fakemail.com,{x(7}z6T&l&zdMocD8@vgsm6tSxv)Kn9FaJ7,wikipedia.org
google             ,a9lrz@fakemail.com,39v0PL{Zw3[Ww)ajkO4pNPju6}8H6yyB(BU#,google.co.jp
loopia             ,znv9b@fakemail.com,ok{WL@([3N@7xJi+m#6+d#Xyc5!HgA5>NlY8,loopia.se
nsw                ,4xnh1@fakemail.com,)Zj#&ITdZnwU&7WC5Rwt01+Z]#INE030^O^1,nsw.gov.au
googleusercontent  ,7l8kq@fakemail.com,mMEgRRTFLW9}{$Fc0icm>y(wYYA6p_P?2r1t,googleusercontent.com
nature             ,vm4l2@fakemail.com,lEKhWu+AEl@7&BHSqa^GTx*6UQYmJ<^o1Z%^,nature.com
statcounter        ,6fy4c@fakemail.com,O><AJPfb2{w{f{jhr}m^p^Lxbdv82Ht^!wyr,statcounter.com
irs                ,x1n82@fakemail.com,VocEx_}oWou@VVD{pZoOej)TkTUpEGgFWG3l,irs.gov
apache             ,56inh@fakemail.com,U8slqi&a9(&3)>?!yXo4K1Jv*H&P]fiSTGTn,apache.org
samsung            ,rloqe@fakemail.com,<%}?g>{@e<{Tx^T(NiB3xL0hsuV0KyXHD70*,samsung.com
facebook           ,dixvz@fakemail.com,NGL+}T>9{hO1oaoh%bS<d5pVV}u(d>Dr$#*$,facebook.com
marriott           ,h44jm@fakemail.com,8Oau96V9ivO$B!rQm?_SW]WD8PqMSV%2HOu1,marriott.com
alexa              ,4qy01@fakemail.com,V>lbWR^M7r4}*e)$[C[3HHOjQRE8JC#b)UvB,alexa.com
dailymail          ,my933@fakemail.com,<dIjXx4#!q5lRlKZ^$imYE}1bJAdp}GQ4^Nf,dailymail.co.uk
blogspot           ,v1zh1@fakemail.com,L?$LN{?y}2L_YOC*dbEG%p]lyEn)Rn[KK3*L,blogspot.ca
nsw                ,jd6jc@fakemail.com,gs8MO19?3jCi[}Sh&0!?H!0]RS5tnLud[a+M,nsw.gov.au
netscape           ,yzczu@fakemail.com,!hf<)SSS]$k{FRXLt&(r6VZrNE{Ts>EU#8T(,netscape.com
scribd             ,mimj8@fakemail.com,(OUfh@eQ#p9qJ6qrJDFY1tOY0>BKW85p5r1>,scribd.com
jugem              ,5nq72@fakemail.com,5dCWv^?L+<zE2Uf33Xx^cJ]ec9U4E){^O<!<,jugem.jp
ameblo             ,evcyf@fakemail.com,cELOq8XF_yz_nP2N^qo_rwCEGH^xRhfiXY<O,ameblo.jp
blogspot           ,2t7xq@fakemail.com,>k]S7T1$LkK#Nwr8X]FiyVykih5VJbkBER0A,blogspot.de
washingtontimes    ,46u0q@fakemail.com,bFNo(CSF59ivpP99CSvb&>_RbKiazxD{oK$%,washingtontimes.com
ftc                ,7l3ln@fakemail.com,{%pxQiXcdWe@n^LIUK8PY7Q@9@42zfVR4m_y,ftc.gov
fbcdn              ,iz780@fakemail.com,QFrGPBzV%mgo#wlfGwWMuics_Bo)jvza)Ezn,fbcdn.net
medium             ,e96hl@fakemail.com,lH%4(M&#(#JtaFc^IIYWiFaoZISU2nSJZdtT,medium.com
variety            ,widvc@fakemail.com,aDQa1?p&9)q0QZK}kj9!Ky$Pdb]>mTF#X?lv,variety.com
reddit             ,03pf4@fakemail.com,#[ocES9oK}gHifa{XV!xAahHPD%)t{arqRRJ,reddit.com
wsj                ,q3ibw@fakemail.com,cGeGVfIHicO2<vlLJak3d7P0p@PA#)*6UQST,wsj.com
uol                ,bz14c@fakemail.com,Z[j_@t4uo&(fbmPcrr^tZ)QT0d5h#qN0k4}o,uol.com.br
blogspot           ,gav5l@fakemail.com,%MNxH}_LlWE?1sJJ{ePUv1VkyE$u4>uAIvO5,blogspot.com.es
fb                 ,twmpd@fakemail.com,<9sgl{H6M1gm(6EpHYF$)_oYTi)RRIrO]O2J,fb.me
whoisprivacyprotect,xznf3@fakemail.com,](NvaI?Q@nmGLYin}aww&n%RLBTO^%y4_oZA,whoisprivacyprotect.com
archives           ,yly78@fakemail.com,aFFEs)nNp4o^aj$3B4nk7^oX+Q*%s6bo)q^v,archives.gov
android            ,u63p4@fakemail.com,KqY9%^w^0zLm8^NWki[_xzvsKl]QJ(WThpwv,android.com
go                 ,66nle@fakemail.com,Hwvj3?%RwSOv$qOd9b)K!bb3%_7mVRgvp%(},go.com
theverge           ,hm2l9@fakemail.com,E]ZH$fH+]vurj*%y{NpxyrM*Tj?XtuPYZ3$9,theverge.com
bbc                ,4gte7@fakemail.com,+1qBSU)kWl[9ZOy162jNQT)mJLYg35#G*+MG,bbc.com
yelp               ,1yce8@fakemail.com,>xL]ZM}pOP0^Dy+{qqZzNMgLxn2H*CFk)mb$,yelp.com
vkontakte          ,3nppo@fakemail.com,OEw]M6KIi$<m+HicXzt<8B)Djk8(+(xarAqL,vkontakte.ru
google             ,zp8uj@fakemail.com,uVqHd4^$0{mEy+lZAa9dl+DlkXgTkRhQ^+!x,google.nl
thetimes           ,bd4dk@fakemail.com,)c$_+Nm+]4QB0Qg+<lMX0jiMk42u>xs%A{*X,thetimes.co.uk
marketwatch        ,54cnw@fakemail.com,7_L1)BRD2bW(!fADnKApFVlweuPLH7&Xw_r6,marketwatch.com
hhs                ,otf0i@fakemail.com,mBfhpVluNPJ7zNq+P@{uFYWAK}M4G1i3}fyH,hhs.gov
nhs                ,wwa0e@fakemail.com,mb@k$G>Qpd>x)YO}R]IUVVev{?S}KyYUc&f!,nhs.uk
phpbb              ,6v3ph@fakemail.com,e5Co{0}m5n$@CFO05H(}y7bdz(CzcB16RQ!u,phpbb.com
phpbb              ,teykh@fakemail.com,6o$CeO8IVK[Bi]$Wuq@pt_w}Of(7GHb%yN1^,phpbb.com
examiner           ,jvio4@fakemail.com,f@AQdDGXutRJMz<7K<#+J_csj3R_huCs%<Si,examiner.com
hibu               ,bqa9n@fakemail.com,#*kJqp{0BH0tG8XXrdm[ors[56I5ZuO_{ZxU,hibu.com
baidu              ,341v5@fakemail.com,2CHT[fU[lshA6z<31kQ27DSC?2>4%@VZT0bE,baidu.com
hhs                ,o0c61@fakemail.com,+iAGG3Hkb{T5}QeXGX+G>ej3}]9vEsr}Ai@*,hhs.gov
addtoany           ,sog0d@fakemail.com,Q8^B^wv}DWejJAZs5x4$(!8Ud0DLOS_$iBLC,addtoany.com
nih                ,1gtpn@fakemail.com,5]gYD2sJB?teA_DsJU8Nh&OI9N9JaMVk$TH1,nih.gov
com                ,y0k32@fakemail.com,#ADF0Vil(4q4NkM93k<tiM)0WyW3n$F0Yos+,com.com
rakuten            ,yg9ij@fakemail.com,g6<4myYq?0DW$>%*aKGh@Nv<uT<)uQcZQAVj,rakuten.co.jp
hostnet            ,gpnez@fakemail.com,P^&9wJC6E*O+3gi}51[JEkhc7ry@(9F+67m1,hostnet.nl
detik              ,k8no1@fakemail.com,JF<hhJ@i>EGo$QlzJRbrIWrLIfD>{N!]b?!#,detik.com
feedburner         ,b8l3j@fakemail.com,TvEY11#C]nYsYMW7Tm&bLmh]Py8W#TCj>GPL,feedburner.com
imgur              ,jfijd@fakemail.com,Fo%0lk{WMWn%ocppW4Fb<5r6TXDSNpc#V!8w,imgur.com
icio               ,pixjr@fakemail.com,Y0I[mz4zgPVpbhaNZwVCIxfEms6BFA7{]17{,icio.us
unesco             ,n6j6n@fakemail.com,8Qf>V6jB>Bd@)a#<Pg5d{hd2ed<(+4&@%OBg,unesco.org
mozilla            ,zchuf@fakemail.com,>1hb+G(gMZz@QIt_p7<6I0)zF89EFmDUekfc,mozilla.org
visma              ,kwjvi@fakemail.com,e)[x)rqpugvd_d0r6r}T>Ps%U{3g8p7Koy9N,visma.com
blogspot           ,qc0bb@fakemail.com,$6GuPKc5qdE[0X6ijzN%IZ)2[PjL]UV!no?j,blogspot.fr
storify            ,3ntct@fakemail.com,f[{WwkhwV+UL3B1rZI53c}MS?*wCIzn^<Fn_,storify.com
wordpress          ,6eh1e@fakemail.com,?^_arY8K7z#5{%c)2x}lbKSBhQFgKf29OtkK,wordpress.com
gravatar           ,b4b9n@fakemail.com,^f*hB_*L$0pdt&777IkF3ynwdR@vWPO{!q^W,gravatar.com
ibm                ,vxiza@fakemail.com,UN!Ld^9ElnNSxZBe&jWEnHoP#]@vFL*cYU)K,ibm.com
wsj                ,c1u7m@fakemail.com,!({yz_(<x[FjPMd5jpAjjH0>zRp6X3)+HPLU,wsj.com
samsung            ,hwdg5@fakemail.com,xparlaCVQ%M$8Xco!SC2jQF#CD)N9@U2YEso,samsung.com
cnet               ,hq0dc@fakemail.com,B!T*P8lM4tAelEg#4_7%P#!WP5<1^!bdGMzP,cnet.com
inc                ,21jxy@fakemail.com,7cLyZLhFnG831]]^&x_wowK?&WJ}ar6}}f1T,inc.com
wix                ,4ixpe@fakemail.com,1fzG&Y!q1R_S]k[um<T?S3z^syV>zgNKw9h_,wix.com
uchicago           ,9ntk6@fakemail.com,Yk6C3br0)G2mTa?9AyP00DI5u4>k^C53#c}k,uchicago.edu
goo                ,1hv1m@fakemail.com,F{Scr]!z}!na>qy@UcWA)NY>*i@11{{?b}vV,goo.gl
instagram          ,87t0s@fakemail.com,{)$C*h{fp+#UFBj<Rfd@]$%<GSMUV)aLVWB[,instagram.com
storify            ,g3c1c@fakemail.com,MpsCE}f7Pw%UUBXDw7@9vKbsdlmE?M!rSSqb,storify.com
vk                 ,5rgg3@fakemail.com,i?)JgMqmJtoOMbSDU&41Y+q%T(!xz+O)+Y<h,vk.com
beian              ,swrfg@fakemail.com,CSZbLaLR)HIo!SBEE(QpR[9k+si6>nc4Tvf#,beian.gov.cn
guardian           ,6yf47@fakemail.com,JGFk?kYmy&E7+yF<Bh_EGq<]V8BnuVC[oIoe,guardian.co.uk
tumblr             ,jvkyl@fakemail.com,7BwqpzpK!+n<Z<Ovnc!#<1^(Hr{}zA{DGAV+,tumblr.com
xiti               ,wqsg4@fakemail.com,E#h%*ramDQLs5DTg_Ie@bAUf)r8)DT{x<<oX,xiti.com
cnn                ,atwu1@fakemail.com,emnh#hhR631G{i2fu@a8FNbEps[8JHfCRzn4,cnn.com
rakuten            ,triv7@fakemail.com,%k&C4b<P[JmF{WW6*j97s4a69a[&b##KYwiw,rakuten.co.jp
nih                ,7c2s2@fakemail.com,eg)ANP5N*%1F2imK#Q]ZH%i3@*RE[k<3a^gG,nih.gov
nhs                ,o5lzr@fakemail.com,l($Ycq)NZOgJ$#qmXC(<B0(^49phl$%8]<cr,nhs.uk
ftc                ,m7b6i@fakemail.com,P]6$RGLicpX_(iLv7g7xBCB}(7F]AeTo)Wr[,ftc.gov
imdb               ,kb7qi@fakemail.com,hM5hNkJs]cJeg?%JpGrDkfJfj%n1fe^K9aYN,imdb.com
mailchimp          ,nnsb9@fakemail.com,o3]0rhcUW*[8mWlnS%e{qC9g+4Ax&&YYv2Av,mailchimp.com
weebly             ,aaeg5@fakemail.com,e?c4rBd<G+$Q!SCwwh8#pYqRQkGims?u@37N,weebly.com
baidu              ,4nmn6@fakemail.com,sL>hotkys$eRP2lD3t*IYTB%Rd6?Xy$}l$9%,baidu.com
gravatar           ,vnev1@fakemail.com,_N6VVqiy?@fcEX>Zz@tU^kek$x}FVN@uyzrs,gravatar.com
go                 ,ec0fz@fakemail.com,^+)hu40*u%9}^(GuIqkP@NEXbo#+[W_nKHuW,go.com
addthis            ,h97h7@fakemail.com,Gy(bHcYSXInOg]w>Y{2TSJ$I4>zLxFStkvAI,addthis.com
mit                ,tv0qp@fakemail.com,)ZF%vX7kRrd%cfBXl$%7<S5dpgiQ})bfPXxX,mit.edu
state              ,4gpiz@fakemail.com,@>V_*Bi?}vo%O3)p1bNFJ}v009x4)Plj^Wy0,state.gov
mail               ,5708r@fakemail.com,b_]%UCkW64<[[aDeZcK?c0EwxC&06>1uY)Ba,mail.ru
bbc                ,zyd75@fakemail.com,?g(&v^O8d>g3dfnJJHX3)h&SlzfC4ET+I29J,bbc.co.uk
blogspot           ,iesu2@fakemail.com,7fh{v^?{H{q<3qLx9t5j!JP+teeNw*uH{m$_,blogspot.de
adweek             ,7qsq1@fakemail.com,[phA^{Z_@Qr(9xVXWiBmKpMV#y]+*1uGvHpf,adweek.com
qq                 ,zfmsf@fakemail.com,6jKmeOn3Ha$)v<ie3vUfW)Jl2}I5$S$3jp9h,qq.com
eepurl             ,socr8@fakemail.com,$GkqeYSsh_U{Tc7B18}rVi9k+2OO(ABQBRCf,eepurl.com
redcross           ,r2uo0@fakemail.com,x[UwmcpCE8*]frGEfx(Y}Ym)z6bgBYco$Z&P,redcross.org
nifty              ,wyzo6@fakemail.com,g!qEM%q<gxu(VDx0&wS4T$13E$<pA@74Obxs,nifty.com
telegraph          ,e4rfh@fakemail.com,I7NA3TvFcX76a2Y^OSFD#I6vT$F%BwnX{Fm#,telegraph.co.uk
ftc                ,gg1oc@fakemail.com,ltyk5m9U[Sj9]i@V$YDU$lqp%!3FO_]l+0J),ftc.gov
doi                ,vmohb@fakemail.com,bz%mi3FjEqewuZb]YdFlub^h9m5032O8LXAk,doi.org
domainname         ,u03lh@fakemail.com,8*U6Bgvqw+GVLATsGOQ297G]}{W?Iq5[C1[g,domainname.de
usatoday           ,t02o1@fakemail.com,k[}FwO<#@4&Qg){YAiV0F#@{N^IJFFan@qqu,usatoday.com
netflix            ,lke2s@fakemail.com,<C$U$tesV!{NaU!KbmnRX}$osnX>^*?6yF9H,netflix.com
elegantthemes      ,0mkvu@fakemail.com,qwHxc{_mE1GNH[j_Q@l)AI6O9re_vT0g5YtS,elegantthemes.com
example            ,xwrur@fakemail.com,7FRb)1p]cosa!Zf?fv#2JYaafI{4}%PTmHT>,example.com
berkeley           ,ldnb8@fakemail.com,lM0l#asyq(%Fw2m?Z9KUTMb3Ub+uRA31@B)m,berkeley.edu
issuu              ,pc2nt@fakemail.com,aSU{@^Wo6a^4hXX1J<xic!C%QpRBekhJ!Vb8,issuu.com
wunderground       ,04iio@fakemail.com,s{_Jg!&]1x@+Qsj{xAuGA>&ekVX3BfzQ<[L0,wunderground.com
cnet               ,ywiu4@fakemail.com,(%w9!0ibQ>MkCZHTa?%aUTc#%#5@N)m2JnEs,cnet.com
usnews             ,rgxv6@fakemail.com,_(toLB^oxi8w>FA>dyQ!R4w}x+0w!Ve@_G&*,usnews.com
yale               ,orz3p@fakemail.com,L(K@TycQg]]YjhiV$>LvD^)O%yuC%sxQb]SE,yale.edu
bluehost           ,hzx8c@fakemail.com,aXW5]Lam{uaHshSo@iKnxLIYk@@L9QQ0H&Z@,bluehost.com
123-reg            ,0auti@fakemail.com,)7iF<^woLiGIv$#_}OgdWIdQAx?c_dvnUfqH,123-reg.co.uk
unc                ,r7avi@fakemail.com,+@){{uSj>N9q6!Wzb*N1!N@[EvRbWwtJz1{?,unc.edu
gov                ,zm1ux@fakemail.com,$xVGXjnsnY)vKp+<Wzz+MKQ)fFriK3k#PBt],gov.uk
buzzfeed           ,ubkze@fakemail.com,2z0#6w#5dMCRCqqDIr]!54(vl[2TiSBfy2Bz,buzzfeed.com
webs               ,nkn7u@fakemail.com,H40]vpsP17*g$j%(TEReG!oL4vSTJfYUlE*Q,webs.com
usnews             ,bncmi@fakemail.com,BS(J(L9J^k3^sm9>T&D)pNcPB7$XFVJb3q(T,usnews.com
ewebdevelopment    ,5mylt@fakemail.com,%oEH9ALj@1xC^pKW+_BC>toP$@b(i!z?>J]Y,ewebdevelopment.com
studiopress        ,xu4i3@fakemail.com,p*mD?)<Vyw*S+l6[$SLVnIcJkkGR%M8q913(,studiopress.com
icann              ,76jj0@fakemail.com,w(ak6U<0{R0Lm8[!kF+?B$_X]@sT(hG)LpV1,icann.org
mijndomein         ,tty9z@fakemail.com,R&N5D_TF_DaHty5Ya9#5fF9E9<_?Ed[zPOI7,mijndomein.nl
wikimedia          ,7k3e6@fakemail.com,9!d1dyoq<]f5lz^[bjgD<YM#KhK3rx[_y1(2,wikimedia.org
bizjournals        ,ptjeq@fakemail.com,Gw53C$fQmrPA!UeoK}cL9^xPg5?J+v*}}^_y,bizjournals.com
ox                 ,2ihi2@fakemail.com,y&vyoq]WF33wt0duUVO7Ys)nw[}+qVbM}}B*,ox.ac.uk
usnews             ,bh10i@fakemail.com,_k#d2+Rg<eKZWw+qP%p&NkbE7Kkij)4I#]IH,usnews.com
census             ,p4acu@fakemail.com,Rv*?UR(1YX1bmnZW>>[t)vi%%6*pb(tbl_F5,census.gov
feedly             ,aydg2@fakemail.com,kLY>BcTIO}uVOSecAvlKX7CWAx[c5Lqjw$ie,feedly.com
pcworld            ,zkra7@fakemail.com,mn%8!(M9X0vtXE%GWt]7#Am@xPBibkr<(C&4,pcworld.com
adobe              ,rmm72@fakemail.com,6BNDtyS1}jpe}pjZvX0_[4F@@FH!Cx%1S!4z,adobe.com
warnerbros         ,41cvl@fakemail.com,py99?N)bJsQWmEKfy1Q9vuMbsZ?n3>oR(s8r,warnerbros.com
lemonde            ,8zqgv@fakemail.com,H&yyEgS}xB<NGr{]zdbtlE]3qERfWUMKqS+s,lemonde.fr
joomla             ,zqy2v@fakemail.com,r)70kK$ucFSm4mqyrEC7+1ISxKi6CX&+pvMo,joomla.org
domeneshop         ,kcd1e@fakemail.com,eBBnWZ$0]Bq4XX_y4R>e<<e]Jp[n7r[hUJlw,domeneshop.no
1and1              ,cdiww@fakemail.com,2_ZW$3j)flbD5I<3[U0VMeyQH_([ph@{vl**,1and1.fr
businessweek       ,4qvln@fakemail.com,9]Jn[f0uVNSfFQh3aGF2ZiJh3q0e+TjsgD^R,businessweek.com
apple              ,igkrv@fakemail.com,wo0i^<7TqR^]obTqOEVH2QHPJQy<qt4}xcxf,apple.com
eventbrite         ,e2345@fakemail.com,oUw$RJ}^04&U!3]<G0PoLGrmxrwU>HyjzJ>d,eventbrite.co.uk
naver              ,g4gbf@fakemail.com,JVJE%DiCa#yU)EjHVcP%!rV*a8FPRh9NR@Sq,naver.com
fastcompany        ,2ale2@fakemail.com,*8)E3>2pbz$hW3u3oo)JU97Trs+iH&*]c2hb,fastcompany.com
cmu                ,zhntj@fakemail.com,ajsPz)4!i[uZaCB{VGky}hQtsNllZW$$U{$r,cmu.edu
eepurl             ,vlsj5@fakemail.com,]iN9]Sr92XyFq30wXIWM3cL%<^?OztuY9or0,eepurl.com
fb                 ,wgstd@fakemail.com,kTpf#]Jrbk03d?3FlRWRpjWx4_N#dzkmd8%x,fb.me
doubleclick        ,oekbt@fakemail.com,G%R4Hx_{iDk8p6]*K*ow<f))%eo+Qw$?TNjN,doubleclick.net
rambler            ,556f1@fakemail.com,WFlBDmM9fR>$ELpt#X[[&S[r92y#COdXS)9b,rambler.ru